"Transaction Date (value)","Originating Currency","Originating Amount","Debit Credit Indicator","Beneficiary Bank Raw","Originator Bank Raw","Originator Account Number","Beneficiary Account Number","Originator Name","Beneficiary Name","Subject Type","Transaction Type Source","Transaction Code Description","Sending Bank Account Number","Sending Bank Address","Converted Amount","Fraud Payment"
"<Template_Located_FraudPayment1><Template_Located_FraudPayment1_Date>2024-12-31</Template_Located_FraudPayment1_Date>","<Template_Located_FraudPayment1_Currency>HKD</Template_Located_FraudPayment1_Currency>","<Template_Located_FraudPayment1_Amount>55100</Template_Located_FraudPayment1_Amount>","C","","","<Template_Located_FraudPayment1_FromAccountNumber>222-222222-101</Template_Located_FraudPayment1_FromAccountNumber>","<Template_Located_FraudPayment1_ToAccountNumber>111-111111-101</Template_Located_FraudPayment1_ToAccountNumber>","<Template_Located_FraudPayment1_FromName>CHEUNG TAK SHING</Template_Located_FraudPayment1_FromName>","<Template_Located_FraudPayment1_ToName>CHAN TAI MAN</Template_Located_FraudPayment1_ToName>","Beneficiary","CUTF","DCP UNRELATED ELECTRONIC TRANSFER CREDIT FROM PIB","","","<Template_Located_FraudPayment1_Amount>55100</Template_Located_FraudPayment1_Amount>","1</Template_Located_FraudPayment1>"
"<Template_Located_FraudPayment2><Template_Located_FraudPayment2_Date>2024-12-31</Template_Located_FraudPayment2_Date>","<Template_Located_FraudPayment2_Currency>HKD</Template_Located_FraudPayment2_Currency>","<Template_Located_FraudPayment2_Amount>66120</Template_Located_FraudPayment2_Amount>","C","","","<Template_Located_FraudPayment2_FromAccountNumber>222-222222-101</Template_Located_FraudPayment2_FromAccountNumber>","<Template_Located_FraudPayment2_ToAccountNumber>111-111111-101</Template_Located_FraudPayment2_ToAccountNumber>","<Template_Located_FraudPayment2_FromName>CHEUNG TAK SHING</Template_Located_FraudPayment2_FromName>","<Template_Located_FraudPayment2_ToName>CHAN TAI MAN</Template_Located_FraudPayment2_ToName>","Beneficiary","CUTF","DCP UNRELATED ELECTRONIC TRANSFER CREDIT FROM PIB","","","<Template_Located_FraudPayment2_Amount>66120</Template_Located_FraudPayment2_Amount>","2</Template_Located_FraudPayment2>"
"<Template_Located_FraudPayment3><Template_Located_FraudPayment3_Date>2025-01-01</Template_Located_FraudPayment3_Date>","<Template_Located_FraudPayment3_Currency>HKD</Template_Located_FraudPayment3_Currency>","<Template_Located_FraudPayment3_Amount>52460</Template_Located_FraudPayment3_Amount>","C","","","<Template_Located_FraudPayment3_FromAccountNumber>222-222222-101</Template_Located_FraudPayment3_FromAccountNumber>","<Template_Located_FraudPayment3_ToAccountNumber>111-111111-101</Template_Located_FraudPayment3_ToAccountNumber>","<Template_Located_FraudPayment3_FromName>CHEUNG TAK SHING</Template_Located_FraudPayment3_FromName>","<Template_Located_FraudPayment3_ToName>CHAN TAI MAN</Template_Located_FraudPayment3_ToName>","Beneficiary","CUTF","DCP UNRELATED ELECTRONIC TRANSFER CREDIT FROM PIB","","","<Template_Located_FraudPayment3_Amount>52460</Template_Located_FraudPayment3_Amount>","3</Template_Located_FraudPayment3>"
"<Template_Located_FraudPayment4><Template_Located_FraudPayment4_Date>2025-01-02</Template_Located_FraudPayment4_Date>","<Template_Located_FraudPayment4_Currency>HKD</Template_Located_FraudPayment4_Currency>","<Template_Located_FraudPayment4_Amount>113504</Template_Located_FraudPayment4_Amount>","C","","","<Template_Located_FraudPayment4_FromAccountNumber>222-222222-101</Template_Located_FraudPayment4_FromAccountNumber>","<Template_Located_FraudPayment4_ToAccountNumber>111-111111-102</Template_Located_FraudPayment4_ToAccountNumber>","<Template_Located_FraudPayment4_FromName>CHEUNG TAK SHING</Template_Located_FraudPayment4_FromName>","<Template_Located_FraudPayment4_ToName>CHUNG SIU</Template_Located_FraudPayment4_ToName>","Beneficiary","CUTF","DCP UNRELATED ELECTRONIC TRANSFER CREDIT FROM PIB","","","<Template_Located_FraudPayment4_Amount>113504</Template_Located_FraudPayment4_Amount>","4</Template_Located_FraudPayment4>"
"<Template_Located_FraudPayment5><Template_Located_FraudPayment5_Date>2025-01-02</Template_Located_FraudPayment5_Date>","<Template_Located_FraudPayment5_Currency>HKD</Template_Located_FraudPayment5_Currency>","<Template_Located_FraudPayment5_Amount>2000</Template_Located_FraudPayment5_Amount>","C","<Template_Located_FraudPayment5_ToBank>Hang Seng Bank Ltd.</Template_Located_FraudPayment5_ToBank>","<Template_Located_FraudPayment5_FromBank>The Hongkong and Shanghai Banking Corporation Limited</Template_Located_FraudPayment5_FromBank>","<Template_Located_FraudPayment5_FromAccountNumber>444-4444444-102</Template_Located_FraudPayment5_FromAccountNumber>","<Template_Located_FraudPayment5_ToAccountNumber>111-111111-102</Template_Located_FraudPayment5_ToAccountNumber>","<Template_Located_FraudPayment5_FromName>YAN MEI MEI</Template_Located_FraudPayment5_FromName>","<Template_Located_FraudPayment5_ToName>CHUNG SIU</Template_Located_FraudPayment5_ToName>","Beneficiary","CWTF","Default transaction","","The Hongkong and Shanghai Banking Corporation Limited","<Template_Located_FraudPayment5_Amount>2000</Template_Located_FraudPayment5_Amount>","5</Template_Located_FraudPayment5>"
"<Template_Located_FraudPayment6><Template_Located_FraudPayment6_Date>2025-01-02</Template_Located_FraudPayment6_Date>","<Template_Located_FraudPayment6_Currency>HKD</Template_Located_FraudPayment6_Currency>","<Template_Located_FraudPayment6_Amount>2600</Template_Located_FraudPayment6_Amount>","C","<Template_Located_FraudPayment6_ToBank>Hang Seng Bank Ltd.</Template_Located_FraudPayment6_ToBank>","<Template_Located_FraudPayment6_FromBank>STANDARD CHARTERED BANK (HONG KONG) LIMITED</Template_Located_FraudPayment6_FromBank>","<Template_Located_FraudPayment6_FromAccountNumber>444-4444444-103</Template_Located_FraudPayment6_FromAccountNumber>","<Template_Located_FraudPayment6_ToAccountNumber>111-111111-102</Template_Located_FraudPayment6_ToAccountNumber>","<Template_Located_FraudPayment6_FromName>TAN FUNG</Template_Located_FraudPayment6_FromName>","<Template_Located_FraudPayment6_ToName>CHUNG SIU</Template_Located_FraudPayment6_ToName>","Beneficiary","CWTF","Default transaction","","STANDARD CHARTERED BANK (HONG KONG) LIMITED","<Template_Located_FraudPayment6_Amount>2600</Template_Located_FraudPayment6_Amount>","6</Template_Located_FraudPayment6>"
