"Transaction Date (value)","Originating Currency","Originating Amount","Debit Credit Indicator","Beneficiary Bank Raw","Originator Bank Raw","Originator Account Number","Beneficiary Account Number","Originator Name","Beneficiary Name","Subject Type","Transaction Type Source","Transaction Code Description","Sending Bank Account Number","Sending Bank Address","Converted Amount","Fraud Payment"
"<Template_Located_FraudPayment1><Template_Located_FraudPayment1_Date>2024-08-07</Template_Located_FraudPayment1_Date>","<Template_Located_FraudPayment1_Currency>HKD</Template_Located_FraudPayment1_Currency>","<Template_Located_FraudPayment1_Amount>5000</Template_Located_FraudPayment1_Amount>","C","<Template_Located_FraudPayment1_ToBank>Hang Seng Bank Ltd.</Template_Located_FraudPayment1_ToBank>","<Template_Located_FraudPayment1_FromBank>The Hongkong and Shanghai Banking Corporation Limited</Template_Located_FraudPayment1_FromBank>","<Template_Located_FraudPayment1_FromAccountNumber>666-66666-601</Template_Located_FraudPayment1_FromAccountNumber>","<Template_Located_FraudPayment1_ToAccountNumber>111-111111-101</Template_Located_FraudPayment1_ToAccountNumber>","<Template_Located_FraudPayment1_FromName>YEUNG KAI</Template_Located_FraudPayment1_FromName>","<Template_Located_FraudPayment1_ToName>MR      CHAN TAI MAN</Template_Located_FraudPayment1_ToName>","Beneficiary","CWTF","Default transaction","","The Hongkong and Shanghai Banking Corporation Limited","<Template_Located_FraudPayment1_Amount>5000</Template_Located_FraudPayment1_Amount>","1</Template_Located_FraudPayment1>"
"<Template_Located_FraudPayment2><Template_Located_FraudPayment2_Date>2024-08-07</Template_Located_FraudPayment2_Date>","<Template_Located_FraudPayment2_Currency>HKD</Template_Located_FraudPayment2_Currency>","<Template_Located_FraudPayment2_Amount>1248</Template_Located_FraudPayment2_Amount>","C","<Template_Located_FraudPayment2_ToBank>Hang Seng Bank Ltd.</Template_Located_FraudPayment2_ToBank>","<Template_Located_FraudPayment2_FromBank>The Hongkong and Shanghai Banking Corporation Limited</Template_Located_FraudPayment2_FromBank>","<Template_Located_FraudPayment2_FromAccountNumber>666-66666-602</Template_Located_FraudPayment2_FromAccountNumber>","<Template_Located_FraudPayment2_ToAccountNumber>111-111111-101</Template_Located_FraudPayment2_ToAccountNumber>","<Template_Located_FraudPayment2_FromName>TSANG SIU MING</Template_Located_FraudPayment2_FromName>","<Template_Located_FraudPayment2_ToName>MR      CHAN TAI MAN</Template_Located_FraudPayment2_ToName>","Beneficiary","CWTF","Default transaction","","The Hongkong and Shanghai Banking Corporation Limited","<Template_Located_FraudPayment2_Amount>1248</Template_Located_FraudPayment2_Amount>","2</Template_Located_FraudPayment2>"
"<Template_Located_FraudPayment3><Template_Located_FraudPayment3_Date>2024-08-07</Template_Located_FraudPayment3_Date>","<Template_Located_FraudPayment3_Currency>HKD</Template_Located_FraudPayment3_Currency>","<Template_Located_FraudPayment3_Amount>2010</Template_Located_FraudPayment3_Amount>","C","<Template_Located_FraudPayment3_ToBank>Hang Seng Bank Ltd.</Template_Located_FraudPayment3_ToBank>","<Template_Located_FraudPayment3_FromBank>The Hongkong and Shanghai Banking Corporation Limited</Template_Located_FraudPayment3_FromBank>","<Template_Located_FraudPayment3_FromAccountNumber>666-66666-602</Template_Located_FraudPayment3_FromAccountNumber>","<Template_Located_FraudPayment3_ToAccountNumber>111-111111-101</Template_Located_FraudPayment3_ToAccountNumber>","<Template_Located_FraudPayment3_FromName>TSANG SIU MING</Template_Located_FraudPayment3_FromName>","<Template_Located_FraudPayment3_ToName>MR      CHAN TAI MAN</Template_Located_FraudPayment3_ToName>","Beneficiary","CWTF","Default transaction","","The Hongkong and Shanghai Banking Corporation Limited","<Template_Located_FraudPayment3_Amount>2010</Template_Located_FraudPayment3_Amount>","3</Template_Located_FraudPayment3>"
"<Template_Located_FraudPayment4><Template_Located_FraudPayment4_Date>2024-08-07</Template_Located_FraudPayment4_Date>","<Template_Located_FraudPayment4_Currency>HKD</Template_Located_FraudPayment4_Currency>","<Template_Located_FraudPayment4_Amount>2460</Template_Located_FraudPayment4_Amount>","C","<Template_Located_FraudPayment4_ToBank>Hang Seng Bank Ltd.</Template_Located_FraudPayment4_ToBank>","<Template_Located_FraudPayment4_FromBank>The Hongkong and Shanghai Banking Corporation Limited</Template_Located_FraudPayment4_FromBank>","<Template_Located_FraudPayment4_FromAccountNumber>666-66666-603</Template_Located_FraudPayment4_FromAccountNumber>","<Template_Located_FraudPayment4_ToAccountNumber>111-111111-101</Template_Located_FraudPayment4_ToAccountNumber>","<Template_Located_FraudPayment4_FromName>XIE PANGAN</Template_Located_FraudPayment4_FromName>","<Template_Located_FraudPayment4_ToName>MR      CHAN TAI MAN</Template_Located_FraudPayment4_ToName>","Beneficiary","CWTF","Default transaction","","The Hongkong and Shanghai Banking Corporation Limited","<Template_Located_FraudPayment4_Amount>2460</Template_Located_FraudPayment4_Amount>","4</Template_Located_FraudPayment4>"
"<Template_Located_FraudPayment5><Template_Located_FraudPayment5_Date>2024-08-07</Template_Located_FraudPayment5_Date>","<Template_Located_FraudPayment5_Currency>HKD</Template_Located_FraudPayment5_Currency>","<Template_Located_FraudPayment5_Amount>300</Template_Located_FraudPayment5_Amount>","C","<Template_Located_FraudPayment5_ToBank>Hang Seng Bank Ltd.</Template_Located_FraudPayment5_ToBank>","<Template_Located_FraudPayment5_FromBank>The Hongkong and Shanghai Banking Corporation Limited</Template_Located_FraudPayment5_FromBank>","<Template_Located_FraudPayment5_FromAccountNumber>666-66666-603</Template_Located_FraudPayment5_FromAccountNumber>","<Template_Located_FraudPayment5_ToAccountNumber>111-111111-101</Template_Located_FraudPayment5_ToAccountNumber>","<Template_Located_FraudPayment5_FromName>XIE PANGAN</Template_Located_FraudPayment5_FromName>","<Template_Located_FraudPayment5_ToName>MR      CHAN TAI MAN</Template_Located_FraudPayment5_ToName>","Beneficiary","CWTF","Default transaction","","The Hongkong and Shanghai Banking Corporation Limited","<Template_Located_FraudPayment5_Amount>300</Template_Located_FraudPayment5_Amount>","5</Template_Located_FraudPayment5>"
"<Template_Located_FraudPayment6><Template_Located_FraudPayment6_Date>2024-08-07</Template_Located_FraudPayment6_Date>","<Template_Located_FraudPayment6_Currency>HKD</Template_Located_FraudPayment6_Currency>","<Template_Located_FraudPayment6_Amount>2430</Template_Located_FraudPayment6_Amount>","C","","","<Template_Located_FraudPayment6_FromAccountNumber>222-222222-101</Template_Located_FraudPayment6_FromAccountNumber>","<Template_Located_FraudPayment6_ToAccountNumber>111-111111-101</Template_Located_FraudPayment6_ToAccountNumber>","<Template_Located_FraudPayment6_FromName>CHEUNG, TAK SHING</Template_Located_FraudPayment6_FromName>","<Template_Located_FraudPayment6_ToName>MR      CHAN TAI MAN</Template_Located_FraudPayment6_ToName>","Beneficiary","CUTF","ATM TRANSFER UNRELATED   DEPOSIT","","","<Template_Located_FraudPayment6_Amount>2430</Template_Located_FraudPayment6_Amount>","6</Template_Located_FraudPayment6>"
"<Template_Located_FraudPayment7><Template_Located_FraudPayment7_Date>2024-08-07</Template_Located_FraudPayment7_Date>","<Template_Located_FraudPayment7_Currency>HKD</Template_Located_FraudPayment7_Currency>","<Template_Located_FraudPayment7_Amount>3060</Template_Located_FraudPayment7_Amount>","C","","","<Template_Located_FraudPayment7_FromAccountNumber>222-222222-102</Template_Located_FraudPayment7_FromAccountNumber>","<Template_Located_FraudPayment7_ToAccountNumber>111-111111-101</Template_Located_FraudPayment7_ToAccountNumber>","<Template_Located_FraudPayment7_FromName>YAN, MEI MEI</Template_Located_FraudPayment7_FromName>","<Template_Located_FraudPayment7_ToName>MR      CHAN TAI MAN</Template_Located_FraudPayment7_ToName>","Beneficiary","CUTF","Default transaction","","","<Template_Located_FraudPayment7_Amount>3060</Template_Located_FraudPayment7_Amount>","7</Template_Located_FraudPayment7>"
"<Template_Located_FraudPayment8><Template_Located_FraudPayment8_Date>2024-08-06</Template_Located_FraudPayment8_Date>","<Template_Located_FraudPayment8_Currency>HKD</Template_Located_FraudPayment8_Currency>","<Template_Located_FraudPayment8_Amount>336000</Template_Located_FraudPayment8_Amount>","C","","","<Template_Located_FraudPayment8_FromAccountNumber>222-222222-103</Template_Located_FraudPayment8_FromAccountNumber>","<Template_Located_FraudPayment8_ToAccountNumber>111-111111-101</Template_Located_FraudPayment8_ToAccountNumber>","<Template_Located_FraudPayment8_FromName>TAN, FUNG</Template_Located_FraudPayment8_FromName>","<Template_Located_FraudPayment8_ToName>MR      CHAN TAI MAN</Template_Located_FraudPayment8_ToName>","Beneficiary","CUTF","DCP UNRELATED ELECTRONIC TRANSFER CREDIT FROM PIB","","","<Template_Located_FraudPayment8_Amount>336000</Template_Located_FraudPayment8_Amount>","8</Template_Located_FraudPayment8>"
