"Transaction Date (value)","Originating Currency","Originating Amount","Debit Credit Indicator","Beneficiary Bank Raw","Originator Bank Raw","Originator Account Number","Beneficiary Account Number","Originator Name","Beneficiary Name","Subject Type","Transaction Type Source","Transaction Code Description","Sending Bank Account Number","Sending Bank Address","Converted Amount","Fraud Payment"
"<Template_Located_FraudPayment1><Template_Located_FraudPayment1_Date>2025-02-04</Template_Located_FraudPayment1_Date>","<Template_Located_FraudPayment1_Currency>C</Template_Located_FraudPayment1_Currency>","<Template_Located_FraudPayment1_Amount>110555</Template_Located_FraudPayment1_Amount>","C","<Template_Located_FraudPayment1_ToBank>Hang Seng Bank Ltd.</Template_Located_FraudPayment1_ToBank>","<Template_Located_FraudPayment1_FromBank>China Construction Bank (Asia) Corporation Limited</Template_Located_FraudPayment1_FromBank>","<Template_Located_FraudPayment1_FromAccountNumber>444-4444444-101</Template_Located_FraudPayment1_FromAccountNumber>","<Template_Located_FraudPayment1_ToAccountNumber>111-111111-101</Template_Located_FraudPayment1_ToAccountNumber>","<Template_Located_FraudPayment1_FromName>CHEUNG TAK SHING</Template_Located_FraudPayment1_FromName>","<Template_Located_FraudPayment1_ToName>CHAN TAI MAN</Template_Located_FraudPayment1_ToName>","Beneficiary","CWTF","Default transaction","","China Construction Bank (Asia) Corporation Limited    HK","<Template_Located_FraudPayment1_Amount>110555</Template_Located_FraudPayment1_Amount>","1</Template_Located_FraudPayment1>"
"<Template_Located_FraudPayment2><Template_Located_FraudPayment2_Date>2025-02-04</Template_Located_FraudPayment2_Date>","<Template_Located_FraudPayment2_Currency>C</Template_Located_FraudPayment2_Currency>","<Template_Located_FraudPayment2_Amount>50000</Template_Located_FraudPayment2_Amount>","C","<Template_Located_FraudPayment2_ToBank>Hang Seng Bank Ltd.</Template_Located_FraudPayment2_ToBank>","<Template_Located_FraudPayment2_FromBank>China Construction Bank (Asia) Corporation Limited</Template_Located_FraudPayment2_FromBank>","<Template_Located_FraudPayment2_FromAccountNumber>444-4444444-101</Template_Located_FraudPayment2_FromAccountNumber>","<Template_Located_FraudPayment2_ToAccountNumber>111-111111-101</Template_Located_FraudPayment2_ToAccountNumber>","<Template_Located_FraudPayment2_FromName>CHEUNG TAK SHING</Template_Located_FraudPayment2_FromName>","<Template_Located_FraudPayment2_ToName>CHAN TAI MAN</Template_Located_FraudPayment2_ToName>","Beneficiary","CWTF","Default transaction","","China Construction Bank (Asia) Corporation Limited    HK","<Template_Located_FraudPayment2_Amount>50000</Template_Located_FraudPayment2_Amount>","2</Template_Located_FraudPayment2>"
"<Template_Located_FraudPayment3><Template_Located_FraudPayment3_Date>2025-02-05</Template_Located_FraudPayment3_Date>","<Template_Located_FraudPayment3_Currency>C</Template_Located_FraudPayment3_Currency>","<Template_Located_FraudPayment3_Amount>200000</Template_Located_FraudPayment3_Amount>","C","<Template_Located_FraudPayment3_ToBank>Hang Seng Bank Ltd.</Template_Located_FraudPayment3_ToBank>","<Template_Located_FraudPayment3_FromBank>China Construction Bank (Asia) Corporation Limited</Template_Located_FraudPayment3_FromBank>","<Template_Located_FraudPayment3_FromAccountNumber>444-4444444-101</Template_Located_FraudPayment3_FromAccountNumber>","<Template_Located_FraudPayment3_ToAccountNumber>111-111111-101</Template_Located_FraudPayment3_ToAccountNumber>","<Template_Located_FraudPayment3_FromName>CHEUNG TAK SHING</Template_Located_FraudPayment3_FromName>","<Template_Located_FraudPayment3_ToName>CHAN TAI MAN</Template_Located_FraudPayment3_ToName>","Beneficiary","CWTF","Default transaction","","China Construction Bank (Asia) Corporation Limited    HK","<Template_Located_FraudPayment3_Amount>200000</Template_Located_FraudPayment3_Amount>","3</Template_Located_FraudPayment3>"
"<Template_Located_FraudPayment4><Template_Located_FraudPayment4_Date>2025-02-05</Template_Located_FraudPayment4_Date>","<Template_Located_FraudPayment4_Currency>C</Template_Located_FraudPayment4_Currency>","<Template_Located_FraudPayment4_Amount>200000</Template_Located_FraudPayment4_Amount>","C","<Template_Located_FraudPayment4_ToBank>Hang Seng Bank Ltd.</Template_Located_FraudPayment4_ToBank>","<Template_Located_FraudPayment4_FromBank>DBS Bank (Hong Kong) Ltd.</Template_Located_FraudPayment4_FromBank>","<Template_Located_FraudPayment4_FromAccountNumber>666-666666-101</Template_Located_FraudPayment4_FromAccountNumber>","<Template_Located_FraudPayment4_ToAccountNumber>111-111111-101</Template_Located_FraudPayment4_ToAccountNumber>","<Template_Located_FraudPayment4_FromName>CHEUNG TAK SHING</Template_Located_FraudPayment4_FromName>","<Template_Located_FraudPayment4_ToName>CHAN TAI MAN</Template_Located_FraudPayment4_ToName>","Beneficiary","CWTF","Default transaction","","DBS Bank (Hong Kong) Ltd.    HK","<Template_Located_FraudPayment4_Amount>200000</Template_Located_FraudPayment4_Amount>","4</Template_Located_FraudPayment4>"
