"Transaction Date (value)","Originating Currency","Originating Amount","Debit Credit Indicator","Beneficiary Bank Raw","Originator Bank Raw","Originator Account Number","Beneficiary Account Number","Originator Name","Beneficiary Name","Subject Type","Transaction Type Source","Transaction Code Description","Sending Bank Account Number","Sending Bank Address","Converted Amount","Fraud Payment"
"<Template_Located_FraudPayment1=3><Template_Located_FraudPayment1=3_Date>2025-01-17</Template_Located_FraudPayment1=3_Date>","<Template_Located_FraudPayment1=3_Currency>HKD</Template_Located_FraudPayment1=3_Currency>","<Template_Located_FraudPayment1=3_Amount>200000</Template_Located_FraudPayment1=3_Amount>","C","<Template_Located_FraudPayment1=3_ToBank>Hang Seng Bank Ltd.</Template_Located_FraudPayment1=3_ToBank>","<Template_Located_FraudPayment1=3_FromBank>The Hongkong and Shanghai Banking Corporation Limited</Template_Located_FraudPayment1=3_FromBank>","<Template_Located_FraudPayment1=3_FromAccountNumber>333-333333-101</Template_Located_FraudPayment1=3_FromAccountNumber>","<Template_Located_FraudPayment1=3_ToAccountNumber>111-111111-101</Template_Located_FraudPayment1=3_ToAccountNumber>","<Template_Located_FraudPayment1=3_FromName>CHAN TAI MAN</Template_Located_FraudPayment1=3_FromName>","<Template_Located_FraudPayment1=3_ToName>MR        CHAN TAI MAN</Template_Located_FraudPayment1=3_ToName>","Beneficiary","CWTF","WIRE-TRANSFER CREDIT","","The Hongkong and Shanghai Banking Corporation Limited    HK","<Template_Located_FraudPayment1=3_Amount>200000</Template_Located_FraudPayment1=3_Amount>","1=3</Template_Located_FraudPayment1=3>"
"<Template_Located_FraudPayment2=4><Template_Located_FraudPayment2=4_Date>2025-01-17</Template_Located_FraudPayment2=4_Date>","<Template_Located_FraudPayment2=4_Currency>HKD</Template_Located_FraudPayment2=4_Currency>","<Template_Located_FraudPayment2=4_Amount>4000</Template_Located_FraudPayment2=4_Amount>","C","<Template_Located_FraudPayment2=4_ToBank>Hang Seng Bank Ltd.</Template_Located_FraudPayment2=4_ToBank>","<Template_Located_FraudPayment2=4_FromBank>The Hongkong and Shanghai Banking Corporation Limited</Template_Located_FraudPayment2=4_FromBank>","<Template_Located_FraudPayment2=4_FromAccountNumber>333-333333-101</Template_Located_FraudPayment2=4_FromAccountNumber>","<Template_Located_FraudPayment2=4_ToAccountNumber>111-111111-101</Template_Located_FraudPayment2=4_ToAccountNumber>","<Template_Located_FraudPayment2=4_FromName>CHAN TAI MAN</Template_Located_FraudPayment2=4_FromName>","<Template_Located_FraudPayment2=4_ToName>MR        CHAN TAI MAN</Template_Located_FraudPayment2=4_ToName>","Beneficiary","CWTF","WIRE-TRANSFER CREDIT","","The Hongkong and Shanghai Banking Corporation Limited    HK","<Template_Located_FraudPayment2=4_Amount>4000</Template_Located_FraudPayment2=4_Amount>","2=4</Template_Located_FraudPayment2=4>"
"<Template_Located_FraudPayment5><Template_Located_FraudPayment5_Date>2025-01-19</Template_Located_FraudPayment5_Date>","<Template_Located_FraudPayment5_Currency>HKD</Template_Located_FraudPayment5_Currency>","<Template_Located_FraudPayment5_Amount>22000</Template_Located_FraudPayment5_Amount>","C","","","","<Template_Located_FraudPayment5_ToAccountNumber>111-111111-101</Template_Located_FraudPayment5_ToAccountNumber>","","<Template_Located_FraudPayment5_ToName>MR        CHAN TAI MAN</Template_Located_FraudPayment5_ToName>","Beneficiary","CCCS","ATM/CDM CASH CREDIT USINGACCOUNT INPUT","","","<Template_Located_FraudPayment5_Amount>22000</Template_Located_FraudPayment5_Amount>","5</Template_Located_FraudPayment5>"
"<Template_Located_FraudPayment6><Template_Located_FraudPayment6_Date>2025-01-18</Template_Located_FraudPayment6_Date>","<Template_Located_FraudPayment6_Currency>HKD</Template_Located_FraudPayment6_Currency>","<Template_Located_FraudPayment6_Amount>100000</Template_Located_FraudPayment6_Amount>","C","<Template_Located_FraudPayment6_ToBank>Hang Seng Bank Ltd.</Template_Located_FraudPayment6_ToBank>","<Template_Located_FraudPayment6_FromBank>The Hongkong and Shanghai Banking Corporation Limited</Template_Located_FraudPayment6_FromBank>","<Template_Located_FraudPayment6_FromAccountNumber>333-333333-101</Template_Located_FraudPayment6_FromAccountNumber>","<Template_Located_FraudPayment6_ToAccountNumber>111-111111-101</Template_Located_FraudPayment6_ToAccountNumber>","<Template_Located_FraudPayment6_FromName>CHAN TAI MAN</Template_Located_FraudPayment6_FromName>","<Template_Located_FraudPayment6_ToName>MR        CHAN TAI MAN</Template_Located_FraudPayment6_ToName>","Beneficiary","CWTF","WIRE-TRANSFER CREDIT","","The Hongkong and Shanghai Banking Corporation Limited    HK","<Template_Located_FraudPayment6_Amount>100000</Template_Located_FraudPayment6_Amount>","6</Template_Located_FraudPayment6>"
