"Transaction Date (value)","Originating Currency","Originating Amount","Debit Credit Indicator","Beneficiary Bank Raw","Originator Bank Raw","Originator Account Number","Beneficiary Account Number","Originator Name","Beneficiary Name","Subject Type","Transaction Type Source","Transaction Code Description","Sending Bank Account Number","Sending Bank Address","Converted Amount","Fraud Payment"
"<Template_Located_FraudPayment1=7><Template_Located_FraudPayment1=7_Date>2024-12-30</Template_Located_FraudPayment1=7_Date>","<Template_Located_FraudPayment1=7_Currency>HKD</Template_Located_FraudPayment1=7_Currency>","<Template_Located_FraudPayment1=7_Amount>100000</Template_Located_FraudPayment1=7_Amount>","C","","","","<Template_Located_FraudPayment1=7_ToAccountNumber>111-111111-101</Template_Located_FraudPayment1=7_ToAccountNumber>","","<Template_Located_FraudPayment1=7_ToName>MR CHAN, TAI MAN</Template_Located_FraudPayment1=7_ToName>","Beneficiary","CCCS","ATM/CDM CASH CREDIT USINGACCOUNT INPUT","","","<Template_Located_FraudPayment1=7_Amount>100000</Template_Located_FraudPayment1=7_Amount>","1=7</Template_Located_FraudPayment1=7>"
"<Template_Located_FraudPayment2=8><Template_Located_FraudPayment2=8_Date>2024-12-30</Template_Located_FraudPayment2=8_Date>","<Template_Located_FraudPayment2=8_Currency>HKD</Template_Located_FraudPayment2=8_Currency>","<Template_Located_FraudPayment2=8_Amount>100000</Template_Located_FraudPayment2=8_Amount>","C","","","","<Template_Located_FraudPayment2=8_ToAccountNumber>111-111111-102</Template_Located_FraudPayment2=8_ToAccountNumber>","","<Template_Located_FraudPayment2=8_ToName>MR CHUNG SIU</Template_Located_FraudPayment2=8_ToName>","Beneficiary","CCCS","ATM/CDM CASH CREDIT USINGACCOUNT INPUT","","","<Template_Located_FraudPayment2=8_Amount>100000</Template_Located_FraudPayment2=8_Amount>","2=8</Template_Located_FraudPayment2=8>"
"<Template_Located_FraudPayment3=9><Template_Located_FraudPayment3=9_Date>2024-12-31</Template_Located_FraudPayment3=9_Date>","<Template_Located_FraudPayment3=9_Currency>HKD</Template_Located_FraudPayment3=9_Currency>","<Template_Located_FraudPayment3=9_Amount>100000</Template_Located_FraudPayment3=9_Amount>","C","","","","<Template_Located_FraudPayment3=9_ToAccountNumber>111-111111-102</Template_Located_FraudPayment3=9_ToAccountNumber>","","<Template_Located_FraudPayment3=9_ToName>MR CHUNG SIU</Template_Located_FraudPayment3=9_ToName>","Beneficiary","CCCS","ATM/CDM CASH CREDIT USINGACCOUNT INPUT","","","<Template_Located_FraudPayment3=9_Amount>100000</Template_Located_FraudPayment3=9_Amount>","3=9</Template_Located_FraudPayment3=9>"
"<Template_Located_FraudPayment4=11><Template_Located_FraudPayment4=11_Date>2024-12-31</Template_Located_FraudPayment4=11_Date>","<Template_Located_FraudPayment4=11_Currency>HKD</Template_Located_FraudPayment4=11_Currency>","<Template_Located_FraudPayment4=11_Amount>100000</Template_Located_FraudPayment4=11_Amount>","C","","","","<Template_Located_FraudPayment4=11_ToAccountNumber>111-111111-103</Template_Located_FraudPayment4=11_ToAccountNumber>","","<Template_Located_FraudPayment4=11_ToName>MR CHIU YAN</Template_Located_FraudPayment4=11_ToName>","Beneficiary","CCCS","ATM/CDM CASH CREDIT USINGACCOUNT INPUT","","","<Template_Located_FraudPayment4=11_Amount>100000</Template_Located_FraudPayment4=11_Amount>","4=11</Template_Located_FraudPayment4=11>"
"<Template_Located_FraudPayment5><Template_Located_FraudPayment5_Date>2024-12-30</Template_Located_FraudPayment5_Date>","<Template_Located_FraudPayment5_Currency>HKD</Template_Located_FraudPayment5_Currency>","<Template_Located_FraudPayment5_Amount>50000</Template_Located_FraudPayment5_Amount>","C","","","","<Template_Located_FraudPayment5_ToAccountNumber>111-111111-104</Template_Located_FraudPayment5_ToAccountNumber>","","<Template_Located_FraudPayment5_ToName>MR CHONG MAN</Template_Located_FraudPayment5_ToName>","Beneficiary","CCCS","ATM/CDM CASH CREDIT USINGACCOUNT INPUT","","","<Template_Located_FraudPayment5_Amount>50000</Template_Located_FraudPayment5_Amount>","5</Template_Located_FraudPayment5>"
"<Template_Located_FraudPayment6><Template_Located_FraudPayment6_Date>2024-12-30</Template_Located_FraudPayment6_Date>","<Template_Located_FraudPayment6_Currency>HKD</Template_Located_FraudPayment6_Currency>","<Template_Located_FraudPayment6_Amount>50000</Template_Located_FraudPayment6_Amount>","C","","","","<Template_Located_FraudPayment6_ToAccountNumber>111-111111-104</Template_Located_FraudPayment6_ToAccountNumber>","","<Template_Located_FraudPayment6_ToName>MR CHONG MAN</Template_Located_FraudPayment6_ToName>","Beneficiary","CCCS","ATM/CDM CASH CREDIT USINGACCOUNT INPUT","","","<Template_Located_FraudPayment6_Amount>50000</Template_Located_FraudPayment6_Amount>","6</Template_Located_FraudPayment6>"
"<Template_Located_FraudPayment10><Template_Located_FraudPayment10_Date>2024-12-30</Template_Located_FraudPayment10_Date>","<Template_Located_FraudPayment10_Currency>HKD</Template_Located_FraudPayment10_Currency>","<Template_Located_FraudPayment10_Amount>100000</Template_Located_FraudPayment10_Amount>","C","","","","<Template_Located_FraudPayment10_ToAccountNumber>111-111111-103</Template_Located_FraudPayment10_ToAccountNumber>","","<Template_Located_FraudPayment10_ToName>MR CHIU YAN</Template_Located_FraudPayment10_ToName>","Beneficiary","CCCS","ATM/CDM CASH CREDIT USINGACCOUNT INPUT","","","<Template_Located_FraudPayment10_Amount>100000</Template_Located_FraudPayment10_Amount>","10</Template_Located_FraudPayment10>"
