"Transaction Date (value)","Originating Currency","Originating Amount","Debit Credit Indicator","Beneficiary Bank Raw","Originator Bank Raw","Originator Account Number","Beneficiary Account Number","Originator Name","Beneficiary Name","Subject Type","Transaction Type Source","Transaction Code Description","Sending Bank Account Number","Sending Bank Address","Converted Amount","Fraud Payment"
"<Template_Located_FraudPayment1><Template_Located_FraudPayment1_Date>2025-01-03</Template_Located_FraudPayment1_Date>","<Template_Located_FraudPayment1_Currency>HKD</Template_Located_FraudPayment1_Currency>","<Template_Located_FraudPayment1_Amount>150600</Template_Located_FraudPayment1_Amount>","C","<Template_Located_FraudPayment1_ToBank>Hang Seng Bank Ltd.</Template_Located_FraudPayment1_ToBank>","<Template_Located_FraudPayment1_FromBank>The Hongkong and Shanghai Banking Corporation Limited</Template_Located_FraudPayment1_FromBank>","<Template_Located_FraudPayment1_FromAccountNumber>333-333333-101</Template_Located_FraudPayment1_FromAccountNumber>","<Template_Located_FraudPayment1_ToAccountNumber>111-111111-101</Template_Located_FraudPayment1_ToAccountNumber>","<Template_Located_FraudPayment1_FromName>CHAN TAI MAN</Template_Located_FraudPayment1_FromName>","<Template_Located_FraudPayment1_ToName>MR CHAN TAI MAN</Template_Located_FraudPayment1_ToName>","Beneficiary","CWTF","Default transaction","","The Hongkong and Shanghai Banking Corporation Limited    HK","<Template_Located_FraudPayment1_Amount>150600</Template_Located_FraudPayment1_Amount>","1</Template_Located_FraudPayment1>"
"<Template_Located_FraudPayment2><Template_Located_FraudPayment2_Date>2025-01-04</Template_Located_FraudPayment2_Date>","<Template_Located_FraudPayment2_Currency>HKD</Template_Located_FraudPayment2_Currency>","<Template_Located_FraudPayment2_Amount>80000</Template_Located_FraudPayment2_Amount>","C","<Template_Located_FraudPayment2_ToBank>Hang Seng Bank Ltd.</Template_Located_FraudPayment2_ToBank>","<Template_Located_FraudPayment2_FromBank>The Hongkong and Shanghai Banking Corporation Limited</Template_Located_FraudPayment2_FromBank>","<Template_Located_FraudPayment2_FromAccountNumber>333-333333-101</Template_Located_FraudPayment2_FromAccountNumber>","<Template_Located_FraudPayment2_ToAccountNumber>111-111111-101</Template_Located_FraudPayment2_ToAccountNumber>","<Template_Located_FraudPayment2_FromName>CHAN TAI MAN</Template_Located_FraudPayment2_FromName>","<Template_Located_FraudPayment2_ToName>MR CHAN TAI MAN</Template_Located_FraudPayment2_ToName>","Beneficiary","CWTF","Default transaction","","The Hongkong and Shanghai Banking Corporation Limited    HK","<Template_Located_FraudPayment2_Amount>80000</Template_Located_FraudPayment2_Amount>","2</Template_Located_FraudPayment2>"
"<Template_Located_FraudPayment3><Template_Located_FraudPayment3_Date>2025-01-03</Template_Located_FraudPayment3_Date>","<Template_Located_FraudPayment3_Currency>HKD</Template_Located_FraudPayment3_Currency>","<Template_Located_FraudPayment3_Amount>46000</Template_Located_FraudPayment3_Amount>","C","<Template_Located_FraudPayment3_ToBank>Hang Seng Bank Ltd.</Template_Located_FraudPayment3_ToBank>","<Template_Located_FraudPayment3_FromBank>The Hongkong and Shanghai Banking Corporation Limited</Template_Located_FraudPayment3_FromBank>","<Template_Located_FraudPayment3_FromAccountNumber>333-333333-101</Template_Located_FraudPayment3_FromAccountNumber>","<Template_Located_FraudPayment3_ToAccountNumber>111-111111-101</Template_Located_FraudPayment3_ToAccountNumber>","<Template_Located_FraudPayment3_FromName>CHAN TAI MAN</Template_Located_FraudPayment3_FromName>","<Template_Located_FraudPayment3_ToName>MR CHAN TAI MAN</Template_Located_FraudPayment3_ToName>","Beneficiary","CWTF","Default transaction","","The Hongkong and Shanghai Banking Corporation Limited    HK","<Template_Located_FraudPayment3_Amount>46000</Template_Located_FraudPayment3_Amount>","3</Template_Located_FraudPayment3>"
"<Template_Located_FraudPayment4><Template_Located_FraudPayment4_Date>2025-01-03</Template_Located_FraudPayment4_Date>","<Template_Located_FraudPayment4_Currency>HKD</Template_Located_FraudPayment4_Currency>","<Template_Located_FraudPayment4_Amount>100000</Template_Located_FraudPayment4_Amount>","C","<Template_Located_FraudPayment4_ToBank>Hang Seng Bank Ltd.</Template_Located_FraudPayment4_ToBank>","<Template_Located_FraudPayment4_FromBank>The Hongkong and Shanghai Banking Corporation Limited</Template_Located_FraudPayment4_FromBank>","<Template_Located_FraudPayment4_FromAccountNumber>333-333333-101</Template_Located_FraudPayment4_FromAccountNumber>","<Template_Located_FraudPayment4_ToAccountNumber>111-111111-101</Template_Located_FraudPayment4_ToAccountNumber>","<Template_Located_FraudPayment4_FromName>CHAN TAI MAN</Template_Located_FraudPayment4_FromName>","<Template_Located_FraudPayment4_ToName>MR CHAN TAI MAN</Template_Located_FraudPayment4_ToName>","Beneficiary","CWTF","Default transaction","","The Hongkong and Shanghai Banking Corporation Limited    HK","<Template_Located_FraudPayment4_Amount>100000</Template_Located_FraudPayment4_Amount>","4</Template_Located_FraudPayment4>"
"<Template_Located_FraudPayment5><Template_Located_FraudPayment5_Date>2025-01-03</Template_Located_FraudPayment5_Date>","<Template_Located_FraudPayment5_Currency>HKD</Template_Located_FraudPayment5_Currency>","<Template_Located_FraudPayment5_Amount>40200</Template_Located_FraudPayment5_Amount>","C","<Template_Located_FraudPayment5_ToBank>Hang Seng Bank Ltd.</Template_Located_FraudPayment5_ToBank>","<Template_Located_FraudPayment5_FromBank>The Hongkong and Shanghai Banking Corporation Limited</Template_Located_FraudPayment5_FromBank>","<Template_Located_FraudPayment5_FromAccountNumber>333-333333-101</Template_Located_FraudPayment5_FromAccountNumber>","<Template_Located_FraudPayment5_ToAccountNumber>111-111111-101</Template_Located_FraudPayment5_ToAccountNumber>","<Template_Located_FraudPayment5_FromName>CHAN TAI MAN</Template_Located_FraudPayment5_FromName>","<Template_Located_FraudPayment5_ToName>MR CHAN TAI MAN</Template_Located_FraudPayment5_ToName>","Beneficiary","CWTF","Default transaction","","The Hongkong and Shanghai Banking Corporation Limited    HK","<Template_Located_FraudPayment5_Amount>40200</Template_Located_FraudPayment5_Amount>","5</Template_Located_FraudPayment5>"
