"Transaction Date (value)","Originating Currency","Originating Amount","Debit Credit Indicator","Beneficiary Bank Raw","Originator Bank Raw","Originator Account Number","Beneficiary Account Number","Originator Name","Beneficiary Name","Subject Type","Transaction Type Source","Transaction Code Description","Sending Bank Account Number","Sending Bank Address","Converted Amount","Fraud Payment"
"<Template_Located_FraudPayment2><Template_Located_FraudPayment2_Date>2024-08-24</Template_Located_FraudPayment2_Date>","<Template_Located_FraudPayment2_Currency>HKD</Template_Located_FraudPayment2_Currency>","<Template_Located_FraudPayment2_Amount>50000</Template_Located_FraudPayment2_Amount>","C","","","<Template_Located_FraudPayment2_FromAccountNumber>444-4444444-101</Template_Located_FraudPayment2_FromAccountNumber>","<Template_Located_FraudPayment2_ToAccountNumber>111-111111-101</Template_Located_FraudPayment2_ToAccountNumber>","<Template_Located_FraudPayment2_FromName>CHEUNG TAK SHING</Template_Located_FraudPayment2_FromName>","<Template_Located_FraudPayment2_ToName>CHAN TAI MAN</Template_Located_FraudPayment2_ToName>","Beneficiary","CUTF","ATM TRANSFER UNRELATED   DEPOSIT","","","<Template_Located_FraudPayment2_Amount>50000</Template_Located_FraudPayment2_Amount>","2</Template_Located_FraudPayment2>"
"<Template_Located_FraudPayment3><Template_Located_FraudPayment3_Date>2024-08-25</Template_Located_FraudPayment3_Date>","<Template_Located_FraudPayment3_Currency>HKD</Template_Located_FraudPayment3_Currency>","<Template_Located_FraudPayment3_Amount>10000</Template_Located_FraudPayment3_Amount>","C","<Template_Located_FraudPayment3_ToBank>Hang Seng Bank Ltd.</Template_Located_FraudPayment3_ToBank>","<Template_Located_FraudPayment3_FromBank>The Hongkong and Shanghai Banking Corporation Limited</Template_Located_FraudPayment3_FromBank>","<Template_Located_FraudPayment3_FromAccountNumber>444-4444444-101</Template_Located_FraudPayment3_FromAccountNumber>","<Template_Located_FraudPayment3_ToAccountNumber>111-111111-101</Template_Located_FraudPayment3_ToAccountNumber>","<Template_Located_FraudPayment3_FromName>CHEUNG TAK SHING</Template_Located_FraudPayment3_FromName>","<Template_Located_FraudPayment3_ToName>CHAN TAI MAN</Template_Located_FraudPayment3_ToName>","Beneficiary","CWTF","Default transaction","","The Hongkong and Shanghai Banking Corporation Limited","<Template_Located_FraudPayment3_Amount>10000</Template_Located_FraudPayment3_Amount>","3</Template_Located_FraudPayment3>"
"<Template_Located_FraudPayment4><Template_Located_FraudPayment4_Date>2024-08-24</Template_Located_FraudPayment4_Date>","<Template_Located_FraudPayment4_Currency>HKD</Template_Located_FraudPayment4_Currency>","<Template_Located_FraudPayment4_Amount>31000</Template_Located_FraudPayment4_Amount>","C","","","<Template_Located_FraudPayment4_FromAccountNumber>222-222222-101</Template_Located_FraudPayment4_FromAccountNumber>","<Template_Located_FraudPayment4_ToAccountNumber>111-111111-101</Template_Located_FraudPayment4_ToAccountNumber>","<Template_Located_FraudPayment4_FromName>CHEUNG TAK SHING</Template_Located_FraudPayment4_FromName>","<Template_Located_FraudPayment4_ToName>CHAN TAI MAN</Template_Located_FraudPayment4_ToName>","Beneficiary","CUTF","ATM TRANSFER UNRELATED   DEPOSIT","","","<Template_Located_FraudPayment4_Amount>31000</Template_Located_FraudPayment4_Amount>","4</Template_Located_FraudPayment4>"
"<Template_Located_FraudPayment5><Template_Located_FraudPayment5_Date>2024-08-25</Template_Located_FraudPayment5_Date>","<Template_Located_FraudPayment5_Currency>HKD</Template_Located_FraudPayment5_Currency>","<Template_Located_FraudPayment5_Amount>50000</Template_Located_FraudPayment5_Amount>","C","","","<Template_Located_FraudPayment5_FromAccountNumber>222-222222-101</Template_Located_FraudPayment5_FromAccountNumber>","<Template_Located_FraudPayment5_ToAccountNumber>111-111111-101</Template_Located_FraudPayment5_ToAccountNumber>","<Template_Located_FraudPayment5_FromName>CHEUNG TAK SHING</Template_Located_FraudPayment5_FromName>","<Template_Located_FraudPayment5_ToName>CHAN TAI MAN</Template_Located_FraudPayment5_ToName>","Beneficiary","CUTF","DCP UNRELATED ELECTRONIC TRANSFER CREDIT FROM PIB","","","<Template_Located_FraudPayment5_Amount>50000</Template_Located_FraudPayment5_Amount>","5</Template_Located_FraudPayment5>"
"<Template_Located_FraudPayment6><Template_Located_FraudPayment6_Date>2024-08-25</Template_Located_FraudPayment6_Date>","<Template_Located_FraudPayment6_Currency>HKD</Template_Located_FraudPayment6_Currency>","<Template_Located_FraudPayment6_Amount>60000</Template_Located_FraudPayment6_Amount>","C","","","<Template_Located_FraudPayment6_FromAccountNumber>222-222222-101</Template_Located_FraudPayment6_FromAccountNumber>","<Template_Located_FraudPayment6_ToAccountNumber>111-111111-101</Template_Located_FraudPayment6_ToAccountNumber>","<Template_Located_FraudPayment6_FromName>CHEUNG TAK SHING</Template_Located_FraudPayment6_FromName>","<Template_Located_FraudPayment6_ToName>CHAN TAI MAN</Template_Located_FraudPayment6_ToName>","Beneficiary","CUTF","DCP UNRELATED ELECTRONIC TRANSFER CREDIT FROM PIB","","","<Template_Located_FraudPayment6_Amount>60000</Template_Located_FraudPayment6_Amount>","6</Template_Located_FraudPayment6>"
"<Template_Located_FraudPayment7><Template_Located_FraudPayment7_Date>2024-08-25</Template_Located_FraudPayment7_Date>","<Template_Located_FraudPayment7_Currency>HKD</Template_Located_FraudPayment7_Currency>","<Template_Located_FraudPayment7_Amount>30000</Template_Located_FraudPayment7_Amount>","C","","","<Template_Located_FraudPayment7_FromAccountNumber>222-222222-101</Template_Located_FraudPayment7_FromAccountNumber>","<Template_Located_FraudPayment7_ToAccountNumber>111-111111-101</Template_Located_FraudPayment7_ToAccountNumber>","<Template_Located_FraudPayment7_FromName>CHEUNG TAK SHING</Template_Located_FraudPayment7_FromName>","<Template_Located_FraudPayment7_ToName>CHAN TAI MAN</Template_Located_FraudPayment7_ToName>","Beneficiary","CUTF","DCP UNRELATED ELECTRONIC TRANSFER CREDIT FROM PIB","","","<Template_Located_FraudPayment7_Amount>30000</Template_Located_FraudPayment7_Amount>","7</Template_Located_FraudPayment7>"
"<Template_Located_FraudPayment8><Template_Located_FraudPayment8_Date>2024-08-25</Template_Located_FraudPayment8_Date>","<Template_Located_FraudPayment8_Currency>HKD</Template_Located_FraudPayment8_Currency>","<Template_Located_FraudPayment8_Amount>39000</Template_Located_FraudPayment8_Amount>","C","","","","<Template_Located_FraudPayment8_ToAccountNumber>111-111111-101</Template_Located_FraudPayment8_ToAccountNumber>","","<Template_Located_FraudPayment8_ToName>CHAN TAI MAN</Template_Located_FraudPayment8_ToName>","Beneficiary","CCCS","CASH DEP VIA CDM/BCDM -  AC INPUT (TOUCH SCREEN)","","","<Template_Located_FraudPayment8_Amount>39000</Template_Located_FraudPayment8_Amount>","8</Template_Located_FraudPayment8>"
"<Template_Located_FraudPayment9><Template_Located_FraudPayment9_Date>2024-08-25</Template_Located_FraudPayment9_Date>","<Template_Located_FraudPayment9_Currency>HKD</Template_Located_FraudPayment9_Currency>","<Template_Located_FraudPayment9_Amount>50000</Template_Located_FraudPayment9_Amount>","C","","","<Template_Located_FraudPayment9_FromAccountNumber>444-4444444-101</Template_Located_FraudPayment9_FromAccountNumber>","<Template_Located_FraudPayment9_ToAccountNumber>111-111111-102</Template_Located_FraudPayment9_ToAccountNumber>","<Template_Located_FraudPayment9_FromName>CHEUNG TAK SHING</Template_Located_FraudPayment9_FromName>","<Template_Located_FraudPayment9_ToName>CHUNG SIU</Template_Located_FraudPayment9_ToName>","Beneficiary","CUTF","UNRELATED ELECTRONIC     TRANSFER CREDIT","","","<Template_Located_FraudPayment9_Amount>50000</Template_Located_FraudPayment9_Amount>","9</Template_Located_FraudPayment9>"
"<Template_Located_FraudPayment10><Template_Located_FraudPayment10_Date>2024-08-25</Template_Located_FraudPayment10_Date>","<Template_Located_FraudPayment10_Currency>HKD</Template_Located_FraudPayment10_Currency>","<Template_Located_FraudPayment10_Amount>50000</Template_Located_FraudPayment10_Amount>","C","","","<Template_Located_FraudPayment10_FromAccountNumber>222-222222-101</Template_Located_FraudPayment10_FromAccountNumber>","<Template_Located_FraudPayment10_ToAccountNumber>111-111111-102</Template_Located_FraudPayment10_ToAccountNumber>","<Template_Located_FraudPayment10_FromName>CHEUNG TAK SHING</Template_Located_FraudPayment10_FromName>","<Template_Located_FraudPayment10_ToName>CHUNG SIU</Template_Located_FraudPayment10_ToName>","Beneficiary","CUTF","UNRELATED ELECTRONIC     TRANSFER CREDIT","","","<Template_Located_FraudPayment10_Amount>50000</Template_Located_FraudPayment10_Amount>","10</Template_Located_FraudPayment10>"
