"Transaction Date (value)","Originating Currency","Originating Amount","Debit Credit Indicator","Beneficiary Bank Raw","Originator Bank Raw","Originator Account Number","Beneficiary Account Number","Originator Name","Beneficiary Name","Subject Type","Transaction Type Source","Transaction Code Description","Sending Bank Account Number","Sending Bank Address","Converted Amount","Fraud Payment"
"<Template_Located_FraudPayment1><Template_Located_FraudPayment1_Date>2024-07-26</Template_Located_FraudPayment1_Date>","<Template_Located_FraudPayment1_Currency>HKD</Template_Located_FraudPayment1_Currency>","<Template_Located_FraudPayment1_Amount>10000</Template_Located_FraudPayment1_Amount>","C","<Template_Located_FraudPayment1_ToBank>Hang Seng Bank Ltd.</Template_Located_FraudPayment1_ToBank>","<Template_Located_FraudPayment1_FromBank>China Construction Bank (Asia) Corporation Limited</Template_Located_FraudPayment1_FromBank>","<Template_Located_FraudPayment1_FromAccountNumber>66666666601</Template_Located_FraudPayment1_FromAccountNumber>","<Template_Located_FraudPayment1_ToAccountNumber>111-111111-101</Template_Located_FraudPayment1_ToAccountNumber>","<Template_Located_FraudPayment1_FromName>YEUNG KAI</Template_Located_FraudPayment1_FromName>","<Template_Located_FraudPayment1_ToName>MR CHAN TAI MAN</Template_Located_FraudPayment1_ToName>","Beneficiary","CWTF","Default transaction","","China Construction Bank (Asia) Corporation Limited    HK","<Template_Located_FraudPayment1_Amount>10000</Template_Located_FraudPayment1_Amount>","1</Template_Located_FraudPayment1>"
"<Template_Located_FraudPayment2><Template_Located_FraudPayment2_Date>2024-07-28</Template_Located_FraudPayment2_Date>","<Template_Located_FraudPayment2_Currency>HKD</Template_Located_FraudPayment2_Currency>","<Template_Located_FraudPayment2_Amount>17000</Template_Located_FraudPayment2_Amount>","C","","","","<Template_Located_FraudPayment2_ToAccountNumber>111-111111-101</Template_Located_FraudPayment2_ToAccountNumber>","","<Template_Located_FraudPayment2_ToName>MR CHAN TAI MAN</Template_Located_FraudPayment2_ToName>","Beneficiary","CCCS","CASH DEP VIA CDM/BCDM -  AC INPUT (TOUCH SCREEN)","","","<Template_Located_FraudPayment2_Amount>17000</Template_Located_FraudPayment2_Amount>","2</Template_Located_FraudPayment2>"
"<Template_Located_FraudPayment3><Template_Located_FraudPayment3_Date>2024-07-25</Template_Located_FraudPayment3_Date>","<Template_Located_FraudPayment3_Currency>HKD</Template_Located_FraudPayment3_Currency>","<Template_Located_FraudPayment3_Amount>135524</Template_Located_FraudPayment3_Amount>","C","<Template_Located_FraudPayment3_ToBank>Hang Seng Bank Ltd.</Template_Located_FraudPayment3_ToBank>","<Template_Located_FraudPayment3_FromBank>The Hongkong and Shanghai Banking Corporation Limited</Template_Located_FraudPayment3_FromBank>","<Template_Located_FraudPayment3_FromAccountNumber>66666666602</Template_Located_FraudPayment3_FromAccountNumber>","<Template_Located_FraudPayment3_ToAccountNumber>111-111111-101</Template_Located_FraudPayment3_ToAccountNumber>","<Template_Located_FraudPayment3_FromName>TSANG SIU MING</Template_Located_FraudPayment3_FromName>","<Template_Located_FraudPayment3_ToName>MR CHAN TAI MAN</Template_Located_FraudPayment3_ToName>","Beneficiary","CWTF","Default transaction","","The Hongkong and Shanghai Banking Corporation Limited    HK","<Template_Located_FraudPayment3_Amount>135524</Template_Located_FraudPayment3_Amount>","3</Template_Located_FraudPayment3>"
"<Template_Located_FraudPayment4><Template_Located_FraudPayment4_Date>2024-07-27</Template_Located_FraudPayment4_Date>","<Template_Located_FraudPayment4_Currency>HKD</Template_Located_FraudPayment4_Currency>","<Template_Located_FraudPayment4_Amount>20000</Template_Located_FraudPayment4_Amount>","C","","","<Template_Located_FraudPayment4_FromAccountNumber>222-222222-101</Template_Located_FraudPayment4_FromAccountNumber>","<Template_Located_FraudPayment4_ToAccountNumber>111-111111-101</Template_Located_FraudPayment4_ToAccountNumber>","<Template_Located_FraudPayment4_FromName>CHEUNG TAK SHING</Template_Located_FraudPayment4_FromName>","<Template_Located_FraudPayment4_ToName>MR CHAN TAI MAN</Template_Located_FraudPayment4_ToName>","Beneficiary","CUTF","DCP UNRELATED ELECTRONIC TRANSFER CREDIT FROM PIB","","","<Template_Located_FraudPayment4_Amount>20000</Template_Located_FraudPayment4_Amount>","4</Template_Located_FraudPayment4>"
"<Template_Located_FraudPayment5><Template_Located_FraudPayment5_Date>2024-07-27</Template_Located_FraudPayment5_Date>","<Template_Located_FraudPayment5_Currency>HKD</Template_Located_FraudPayment5_Currency>","<Template_Located_FraudPayment5_Amount>35000</Template_Located_FraudPayment5_Amount>","C","","","<Template_Located_FraudPayment5_FromAccountNumber>222-222222-101</Template_Located_FraudPayment5_FromAccountNumber>","<Template_Located_FraudPayment5_ToAccountNumber>111-111111-101</Template_Located_FraudPayment5_ToAccountNumber>","<Template_Located_FraudPayment5_FromName>CHEUNG TAK SHING</Template_Located_FraudPayment5_FromName>","<Template_Located_FraudPayment5_ToName>MR CHAN TAI MAN</Template_Located_FraudPayment5_ToName>","Beneficiary","CUTF","DCP UNRELATED ELECTRONIC TRANSFER CREDIT FROM PIB","","","<Template_Located_FraudPayment5_Amount>35000</Template_Located_FraudPayment5_Amount>","5</Template_Located_FraudPayment5>"
