"Transaction Date (value)","Originating Currency","Originating Amount","Debit Credit Indicator","Beneficiary Bank Raw","Originator Bank Raw","Originator Account Number","Beneficiary Account Number","Originator Name","Beneficiary Name","Subject Type","Transaction Type Source","Transaction Code Description","Sending Bank Account Number","Sending Bank Address","Converted Amount","Fraud Payment"
"<Template_Located_FraudPayment1><Template_Located_FraudPayment1_Date>2024-12-09</Template_Located_FraudPayment1_Date>","<Template_Located_FraudPayment1_Currency>HKD</Template_Located_FraudPayment1_Currency>","<Template_Located_FraudPayment1_Amount>49967</Template_Located_FraudPayment1_Amount>","C","","","<Template_Located_FraudPayment1_FromAccountNumber>222-222222-101</Template_Located_FraudPayment1_FromAccountNumber>","<Template_Located_FraudPayment1_ToAccountNumber>111-111111-101</Template_Located_FraudPayment1_ToAccountNumber>","<Template_Located_FraudPayment1_FromName>CHEUNG TAK SHING</Template_Located_FraudPayment1_FromName>","<Template_Located_FraudPayment1_ToName>CHAN TAI MAN</Template_Located_FraudPayment1_ToName>","Beneficiary","CUTF","ATM TRANSFER UNRELATED   DEPOSIT","","","<Template_Located_FraudPayment1_Amount>49967</Template_Located_FraudPayment1_Amount>","1</Template_Located_FraudPayment1>"
"<Template_Located_FraudPayment1><Template_Located_FraudPayment1_Date>2024-12-09</Template_Located_FraudPayment1_Date>","<Template_Located_FraudPayment1_Currency>HKD</Template_Located_FraudPayment1_Currency>","<Template_Located_FraudPayment1_Amount>10000</Template_Located_FraudPayment1_Amount>","C","","","","<Template_Located_FraudPayment1_ToAccountNumber>111-111111-101</Template_Located_FraudPayment1_ToAccountNumber>","","<Template_Located_FraudPayment1_ToName>CHAN TAI MAN</Template_Located_FraudPayment1_ToName>","Beneficiary","CCCS","CASH DEP VIA CDM/BCDM -  AC INPUT (TOUCH SCREEN)","","","<Template_Located_FraudPayment1_Amount>10000</Template_Located_FraudPayment1_Amount>","1</Template_Located_FraudPayment1>"
"<Template_Located_FraudPayment1><Template_Located_FraudPayment1_Date>2024-12-09</Template_Located_FraudPayment1_Date>","<Template_Located_FraudPayment1_Currency>HKD</Template_Located_FraudPayment1_Currency>","<Template_Located_FraudPayment1_Amount>10000</Template_Located_FraudPayment1_Amount>","C","","","","<Template_Located_FraudPayment1_ToAccountNumber>111-111111-101</Template_Located_FraudPayment1_ToAccountNumber>","","<Template_Located_FraudPayment1_ToName>CHAN TAI MAN</Template_Located_FraudPayment1_ToName>","Beneficiary","CCCS","CASH DEP VIA CDM/BCDM -  AC INPUT (TOUCH SCREEN)","","","<Template_Located_FraudPayment1_Amount>10000</Template_Located_FraudPayment1_Amount>","1</Template_Located_FraudPayment1>"
"<Template_Located_FraudPayment1><Template_Located_FraudPayment1_Date>2024-12-09</Template_Located_FraudPayment1_Date>","<Template_Located_FraudPayment1_Currency>HKD</Template_Located_FraudPayment1_Currency>","<Template_Located_FraudPayment1_Amount>20000</Template_Located_FraudPayment1_Amount>","C","","","","<Template_Located_FraudPayment1_ToAccountNumber>111-111111-101</Template_Located_FraudPayment1_ToAccountNumber>","","<Template_Located_FraudPayment1_ToName>CHAN TAI MAN</Template_Located_FraudPayment1_ToName>","Beneficiary","CCCS","CASH DEP VIA CDM/BCDM -  AC INPUT (TOUCH SCREEN)","","","<Template_Located_FraudPayment1_Amount>20000</Template_Located_FraudPayment1_Amount>","1</Template_Located_FraudPayment1>"
"<Template_Located_FraudPayment2><Template_Located_FraudPayment2_Date>2024-12-08</Template_Located_FraudPayment2_Date>","<Template_Located_FraudPayment2_Currency>HKD</Template_Located_FraudPayment2_Currency>","<Template_Located_FraudPayment2_Amount>200</Template_Located_FraudPayment2_Amount>","C","","","<Template_Located_FraudPayment2_FromAccountNumber>66666666601</Template_Located_FraudPayment2_FromAccountNumber>","<Template_Located_FraudPayment2_ToAccountNumber>111-111111-101</Template_Located_FraudPayment2_ToAccountNumber>","<Template_Located_FraudPayment2_FromName>YEUNG KAI</Template_Located_FraudPayment2_FromName>","<Template_Located_FraudPayment2_ToName>CHAN TAI MAN</Template_Located_FraudPayment2_ToName>","Beneficiary","CUTF","ATM TRANSFER UNRELATED   DEPOSIT","","","<Template_Located_FraudPayment2_Amount>200</Template_Located_FraudPayment2_Amount>","2</Template_Located_FraudPayment2>"
"<Template_Located_FraudPayment3><Template_Located_FraudPayment3_Date>2024-12-08</Template_Located_FraudPayment3_Date>","<Template_Located_FraudPayment3_Currency>HKD</Template_Located_FraudPayment3_Currency>","<Template_Located_FraudPayment3_Amount>12200</Template_Located_FraudPayment3_Amount>","C","","","<Template_Located_FraudPayment3_FromAccountNumber>66666666601</Template_Located_FraudPayment3_FromAccountNumber>","<Template_Located_FraudPayment3_ToAccountNumber>111-111111-101</Template_Located_FraudPayment3_ToAccountNumber>","<Template_Located_FraudPayment3_FromName>YEUNG KAI</Template_Located_FraudPayment3_FromName>","<Template_Located_FraudPayment3_ToName>CHAN TAI MAN</Template_Located_FraudPayment3_ToName>","Beneficiary","CUTF","ATM TRANSFER UNRELATED   DEPOSIT","","","<Template_Located_FraudPayment3_Amount>12200</Template_Located_FraudPayment3_Amount>","3</Template_Located_FraudPayment3>"
"<Template_Located_FraudPayment4><Template_Located_FraudPayment4_Date>2024-12-10</Template_Located_FraudPayment4_Date>","<Template_Located_FraudPayment4_Currency>HKD</Template_Located_FraudPayment4_Currency>","<Template_Located_FraudPayment4_Amount>10000</Template_Located_FraudPayment4_Amount>","C","","","<Template_Located_FraudPayment4_FromAccountNumber>66666666601</Template_Located_FraudPayment4_FromAccountNumber>","<Template_Located_FraudPayment4_ToAccountNumber>111-111111-101</Template_Located_FraudPayment4_ToAccountNumber>","<Template_Located_FraudPayment4_FromName>YEUNG KAI</Template_Located_FraudPayment4_FromName>","<Template_Located_FraudPayment4_ToName>CHAN TAI MAN</Template_Located_FraudPayment4_ToName>","Beneficiary","CUTF","ATM TRANSFER UNRELATED   DEPOSIT","","","<Template_Located_FraudPayment4_Amount>10000</Template_Located_FraudPayment4_Amount>","4</Template_Located_FraudPayment4>"
