Transaction Date (value),Originating Currency,Originating Amount,Debit Credit Indicator,Beneficiary Bank Raw,Originator Bank Raw,Originator Account Number,Beneficiary Account Number,Originator Name,Beneficiary Name,Subject Type,Transaction Type Source,Transaction Code Description,Sending Bank Account Number,Sending Bank Address,Converted Amount,Fraud Payment
2025-02-04,C,110555,C,Hang Seng Bank Ltd.,China Construction Bank (Asia) Corporation Limited,444-4444444-101,111-111111-101,CHEUNG TAK SHING,CHAN TAI MAN,Beneficiary,CWTF,Default transaction,,China Construction Bank (Asia) Corporation Limited    HK,110555,1
2025-02-04,C,50000,C,Hang Seng Bank Ltd.,China Construction Bank (Asia) Corporation Limited,444-4444444-101,111-111111-101,CHEUNG TAK SHING,CHAN TAI MAN,Beneficiary,CWTF,Default transaction,,China Construction Bank (Asia) Corporation Limited    HK,50000,2
2025-02-05,C,200000,C,Hang Seng Bank Ltd.,China Construction Bank (Asia) Corporation Limited,444-4444444-101,111-111111-101,CHEUNG TAK SHING,CHAN TAI MAN,Beneficiary,CWTF,Default transaction,,China Construction Bank (Asia) Corporation Limited    HK,200000,3
2025-02-05,C,200000,C,Hang Seng Bank Ltd.,DBS Bank (Hong Kong) Ltd.,666-666666-101,111-111111-101,CHEUNG TAK SHING,CHAN TAI MAN,Beneficiary,CWTF,Default transaction,,DBS Bank (Hong Kong) Ltd.    HK,200000,4
