Transaction Date (value),Originating Currency,Originating Amount,Debit Credit Indicator,Beneficiary Bank Raw,Originator Bank Raw,Originator Account Number,Beneficiary Account Number,Originator Name,Beneficiary Name,Subject Type,Transaction Type Source,Transaction Code Description,Sending Bank Account Number,Sending Bank Address,Converted Amount,Fraud Payment
2024-12-23,HKD,24150,C,Hang Seng Bank Ltd.,STANDARD CHARTERED BANK (HONG KONG) LIMITED,444-4444444-102,111-111111-101,YAN MEI MEI,MR CHAN TAI MAN,Beneficiary,CWTF,Default transaction,,STANDARD CHARTERED BANK (HONG KONG) LIMITED    HK,24150,1
2024-12-25,HKD,10000,C,,,,111-111111-101,,MR CHAN TAI MAN,Beneficiary,CCCS,CASH DEP VIA CDM/BCDM -  AC INPUT (TOUCH SCREEN),,,10000,2
2024-12-25,HKD,6100,C,,,,111-111111-101,,MR CHAN TAI MAN,Beneficiary,CCCS,CASH DEP VIA CDM/BCDM -  AC INPUT (TOUCH SCREEN),,,6100,3
2024-12-25,HKD,500,C,,,,111-111111-101,,MR CHAN TAI MAN,Beneficiary,CCCS,CASH DEP VIA CDM/BCDM -  AC INPUT (TOUCH SCREEN),,,500,4
2024-12-23,HKD,5000,C,,,222-222222-101,111-111111-101,CHEUNG TAK SHING,MR CHAN TAI MAN,Beneficiary,CUTF,ATM TRANSFER UNRELATED   DEPOSIT,,,5000,5
