Transaction Date (value),Originating Currency,Originating Amount,Debit Credit Indicator,Beneficiary Bank Raw,Originator Bank Raw,Originator Account Number,Beneficiary Account Number,Originator Name,Beneficiary Name,Subject Type,Transaction Type Source,Transaction Code Description,Sending Bank Account Number,Sending Bank Address,Converted Amount,Fraud Payment
2024-07-26,HKD,10000,C,Hang Seng Bank Ltd.,China Construction Bank (Asia) Corporation Limited,66666666601,111-111111-101,YEUNG KAI,MR CHAN TAI MAN,Beneficiary,CWTF,Default transaction,,China Construction Bank (Asia) Corporation Limited    HK,10000,1
2024-07-28,HKD,17000,C,,,,111-111111-101,,MR CHAN TAI MAN,Beneficiary,CCCS,CASH DEP VIA CDM/BCDM -  AC INPUT (TOUCH SCREEN),,,17000,2
2024-07-25,HKD,135524,C,Hang Seng Bank Ltd.,The Hongkong and Shanghai Banking Corporation Limited,66666666602,111-111111-101,TSANG SIU MING,MR CHAN TAI MAN,Beneficiary,CWTF,Default transaction,,The Hongkong and Shanghai Banking Corporation Limited    HK,135524,3
2024-07-27,HKD,20000,C,,,222-222222-101,111-111111-101,CHEUNG TAK SHING,MR CHAN TAI MAN,Beneficiary,CUTF,DCP UNRELATED ELECTRONIC TRANSFER CREDIT FROM PIB,,,20000,4
2024-07-27,HKD,35000,C,,,222-222222-101,111-111111-101,CHEUNG TAK SHING,MR CHAN TAI MAN,Beneficiary,CUTF,DCP UNRELATED ELECTRONIC TRANSFER CREDIT FROM PIB,,,35000,5
