Transaction Date (value),Originating Currency,Originating Amount,Debit Credit Indicator,Beneficiary Bank Raw,Originator Bank Raw,Originator Account Number,Beneficiary Account Number,Originator Name,Beneficiary Name,Subject Type,Transaction Type Source,Transaction Code Description,Sending Bank Account Number,Sending Bank Address,Converted Amount,Fraud Payment
2025-01-03,HKD,150600,C,Hang Seng Bank Ltd.,The Hongkong and Shanghai Banking Corporation Limited,333-333333-101,111-111111-101,CHAN TAI MAN,MR CHAN TAI MAN,Beneficiary,CWTF,Default transaction,,The Hongkong and Shanghai Banking Corporation Limited    HK,150600,1
2025-01-04,HKD,80000,C,Hang Seng Bank Ltd.,The Hongkong and Shanghai Banking Corporation Limited,333-333333-101,111-111111-101,CHAN TAI MAN,MR CHAN TAI MAN,Beneficiary,CWTF,Default transaction,,The Hongkong and Shanghai Banking Corporation Limited    HK,80000,2
2025-01-03,HKD,46000,C,Hang Seng Bank Ltd.,The Hongkong and Shanghai Banking Corporation Limited,333-333333-101,111-111111-101,CHAN TAI MAN,MR CHAN TAI MAN,Beneficiary,CWTF,Default transaction,,The Hongkong and Shanghai Banking Corporation Limited    HK,46000,3
2025-01-03,HKD,100000,C,Hang Seng Bank Ltd.,The Hongkong and Shanghai Banking Corporation Limited,333-333333-101,111-111111-101,CHAN TAI MAN,MR CHAN TAI MAN,Beneficiary,CWTF,Default transaction,,The Hongkong and Shanghai Banking Corporation Limited    HK,100000,4
2025-01-03,HKD,40200,C,Hang Seng Bank Ltd.,The Hongkong and Shanghai Banking Corporation Limited,333-333333-101,111-111111-101,CHAN TAI MAN,MR CHAN TAI MAN,Beneficiary,CWTF,Default transaction,,The Hongkong and Shanghai Banking Corporation Limited    HK,40200,5
