Transaction Date (value),Originating Currency,Originating Amount,Debit Credit Indicator,Beneficiary Bank Raw,Originator Bank Raw,Originator Account Number,Beneficiary Account Number,Originator Name,Beneficiary Name,Subject Type,Transaction Type Source,Transaction Code Description,Sending Bank Account Number,Sending Bank Address,Converted Amount,Fraud Payment
2025-01-05,HKD,200000,C,Hang Seng Bank Ltd.,The Hongkong and Shanghai Banking Corporation Limited,333-333333-101,111-111111-101,CHAN TAI MAN,CHAN TAI MAN,Beneficiary,CWTF,Default transaction,,The Hongkong and Shanghai Banking Corporation Limited    HK,200000,1
2025-01-05,HKD,200000,C,Hang Seng Bank Ltd.,The Hongkong and Shanghai Banking Corporation Limited,333-333333-101,111-111111-101,CHAN TAI MAN,CHAN TAI MAN,Beneficiary,CWTF,Default transaction,,The Hongkong and Shanghai Banking Corporation Limited    HK,200000,2
2025-01-05,HKD,12300,C,Hang Seng Bank Ltd.,The Hongkong and Shanghai Banking Corporation Limited,333-333333-101,111-111111-101,CHAN TAI MAN,CHAN TAI MAN,Beneficiary,CWTF,Default transaction,,The Hongkong and Shanghai Banking Corporation Limited    HK,12300,3
2025-01-05,HKD,50000,C,Hang Seng Bank Ltd.,The Hongkong and Shanghai Banking Corporation Limited,333-333333-101,111-111111-101,CHAN TAI MAN,CHAN TAI MAN,Beneficiary,CWTF,Default transaction,,The Hongkong and Shanghai Banking Corporation Limited    HK,50000,4
