Transaction Date (value),Originating Currency,Originating Amount,Debit Credit Indicator,Beneficiary Bank Raw,Originator Bank Raw,Originator Account Number,Beneficiary Account Number,Originator Name,Beneficiary Name,Subject Type,Transaction Type Source,Transaction Code Description,Sending Bank Account Number,Sending Bank Address,Converted Amount,Fraud Payment
2024-12-03,HKD,2997,C,Hang Seng Bank Ltd.,The Hongkong and Shanghai Banking Corporation Limited,333-333333-101,111-111111-101,CHAN TAI MAN,CHAN TAI MAN,Beneficiary,CWTF,Default transaction,,The Hongkong and Shanghai Banking Corporation Limited    HK,2997,1
2024-12-03,HKD,144123,C,,,444-4444444-101,111-111111-101,CHEUNG TAK SHING,CHAN TAI MAN,Beneficiary,CUTF,ATM TRANSFER UNRELATED   DEPOSIT,,,144123,2
2024-12-03,HKD,50001,C,Hang Seng Bank Ltd.,The Hongkong and Shanghai Banking Corporation Limited,333-333333-101,111-111111-101,CHAN TAI MAN,CHAN TAI MAN,Beneficiary,CWTF,Default transaction,,The Hongkong and Shanghai Banking Corporation Limited    HK,50001,3
2024-12-03,HKD,7001,C,Hang Seng Bank Ltd.,The Hongkong and Shanghai Banking Corporation Limited,333-333333-101,111-111111-101,CHAN TAI MAN,CHAN TAI MAN,Beneficiary,CWTF,Default transaction,,The Hongkong and Shanghai Banking Corporation Limited    HK,7001,4
2024-12-03,HKD,5001,C,Hang Seng Bank Ltd.,The Hongkong and Shanghai Banking Corporation Limited,333-333333-101,111-111111-101,CHAN TAI MAN,CHAN TAI MAN,Beneficiary,CWTF,Default transaction,,The Hongkong and Shanghai Banking Corporation Limited    HK,5001,5
2024-12-03,HKD,50001,C,Hang Seng Bank Ltd.,The Hongkong and Shanghai Banking Corporation Limited,333-333333-101,111-111111-101,CHAN TAI MAN,CHAN TAI MAN,Beneficiary,CWTF,Default transaction,,The Hongkong and Shanghai Banking Corporation Limited    HK,50001,6
