Transaction Date (value),Originating Currency,Originating Amount,Debit Credit Indicator,Beneficiary Bank Raw,Originator Bank Raw,Originator Account Number,Beneficiary Account Number,Originator Name,Beneficiary Name,Subject Type,Transaction Type Source,Transaction Code Description,Sending Bank Account Number,Sending Bank Address,Converted Amount,Fraud Payment
2025-01-03,HKD,300,C,Hang Seng Bank Ltd.,The Hongkong and Shanghai Banking Corporation Limited,666-66666-601,111-111111-101,YEUNG KAI,"MR      CHAN, TAIMAN",Beneficiary,FPWICT,Default transaction,,The Hongkong and Shanghai Banking Corporation Limited    HK,300,1
2025-01-04,HKD,300,C,Hang Seng Bank Ltd.,The Hongkong and Shanghai Banking Corporation Limited,666-66666-601,111-111111-101,YEUNG KAI,"MR      CHAN, TAIMAN",Beneficiary,FPWICT,Default transaction,,The Hongkong and Shanghai Banking Corporation Limited    HK,300,2
2025-01-05,HKD,2320,C,Hang Seng Bank Ltd.,The Hongkong and Shanghai Banking Corporation Limited,666-66666-602,111-111111-101,MISS TSANG SIU MING,"MR      CHAN, TAIMAN",Beneficiary,FPWICT,Default transaction,,The Hongkong and Shanghai Banking Corporation Limited    HK,2320,3
2025-01-03,HKD,32300,C,Hang Seng Bank Ltd.,INDUSTRIAL AND COMMERCIAL BANK OF CHINA (ASIA) LIMITED,666-66666-603,111-111111-101,XIE PANGAN,"MR      CHAN, TAIMAN",Beneficiary,FPWICT,Default transaction,,INDUSTRIAL AND COMMERCIAL BANK OF CHINA (ASIA) LIMITED    HK,32300,4
2025-01-03,HKD,64348,C,Hang Seng Bank Ltd.,INDUSTRIAL AND COMMERCIAL BANK OF CHINA (ASIA) LIMITED,666-66666-603,111-111111-101,XIE PANGAN,"MR      CHAN, TAIMAN",Beneficiary,FPWICT,Default transaction,,INDUSTRIAL AND COMMERCIAL BANK OF CHINA (ASIA) LIMITED    HK,64348,5
2025-01-03,HKD,30000,C,,,,111-111111-101,,"MR      CHAN, TAIMAN",Beneficiary,ATMCCD,CASH DEP VIA CDM/BCDM -  AC INPUT (TOUCH SCREEN),,,30000,6
