Transaction Date (value),Originating Currency,Originating Amount,Debit Credit Indicator,Beneficiary Bank Raw,Originator Bank Raw,Originator Account Number,Beneficiary Account Number,Originator Name,Beneficiary Name,Subject Type,Transaction Type Source,Transaction Code Description,Sending Bank Account Number,Sending Bank Address,Converted Amount,Fraud Payment
2024-12-31,HKD,55100,C,,,222-222222-101,111-111111-101,CHEUNG TAK SHING,CHAN TAI MAN,Beneficiary,CUTF,DCP UNRELATED ELECTRONIC TRANSFER CREDIT FROM PIB,,,55100,1
2024-12-31,HKD,66120,C,,,222-222222-101,111-111111-101,CHEUNG TAK SHING,CHAN TAI MAN,Beneficiary,CUTF,DCP UNRELATED ELECTRONIC TRANSFER CREDIT FROM PIB,,,66120,2
2025-01-01,HKD,52460,C,,,222-222222-101,111-111111-101,CHEUNG TAK SHING,CHAN TAI MAN,Beneficiary,CUTF,DCP UNRELATED ELECTRONIC TRANSFER CREDIT FROM PIB,,,52460,3
2025-01-02,HKD,113504,C,,,222-222222-101,111-111111-102,CHEUNG TAK SHING,CHUNG SIU,Beneficiary,CUTF,DCP UNRELATED ELECTRONIC TRANSFER CREDIT FROM PIB,,,113504,4
2025-01-02,HKD,2000,C,Hang Seng Bank Ltd.,The Hongkong and Shanghai Banking Corporation Limited,444-4444444-102,111-111111-102,YAN MEI MEI,CHUNG SIU,Beneficiary,CWTF,Default transaction,,The Hongkong and Shanghai Banking Corporation Limited,2000,5
2025-01-02,HKD,2600,C,Hang Seng Bank Ltd.,STANDARD CHARTERED BANK (HONG KONG) LIMITED,444-4444444-103,111-111111-102,TAN FUNG,CHUNG SIU,Beneficiary,CWTF,Default transaction,,STANDARD CHARTERED BANK (HONG KONG) LIMITED,2600,6
