Transaction Date (value),Originating Currency,Originating Amount,Debit Credit Indicator,Beneficiary Bank Raw,Originator Bank Raw,Originator Account Number,Beneficiary Account Number,Originator Name,Beneficiary Name,Subject Type,Transaction Type Source,Transaction Code Description,Sending Bank Account Number,Sending Bank Address,Converted Amount,Fraud Payment
2024-12-30,HKD,100000,C,,,,111-111111-101,,"MR CHAN, TAI MAN",Beneficiary,CCCS,ATM/CDM CASH CREDIT USINGACCOUNT INPUT,,,100000,1=7
2024-12-30,HKD,100000,C,,,,111-111111-102,,MR CHUNG SIU,Beneficiary,CCCS,ATM/CDM CASH CREDIT USINGACCOUNT INPUT,,,100000,2=8
2024-12-31,HKD,100000,C,,,,111-111111-102,,MR CHUNG SIU,Beneficiary,CCCS,ATM/CDM CASH CREDIT USINGACCOUNT INPUT,,,100000,3=9
2024-12-31,HKD,100000,C,,,,111-111111-103,,MR CHIU YAN,Beneficiary,CCCS,ATM/CDM CASH CREDIT USINGACCOUNT INPUT,,,100000,4=11
2024-12-30,HKD,50000,C,,,,111-111111-104,,MR CHONG MAN,Beneficiary,CCCS,ATM/CDM CASH CREDIT USINGACCOUNT INPUT,,,50000,5
2024-12-30,HKD,50000,C,,,,111-111111-104,,MR CHONG MAN,Beneficiary,CCCS,ATM/CDM CASH CREDIT USINGACCOUNT INPUT,,,50000,6
2024-12-30,HKD,100000,C,,,,111-111111-103,,MR CHIU YAN,Beneficiary,CCCS,ATM/CDM CASH CREDIT USINGACCOUNT INPUT,,,100000,10
