Transaction Date (value),Originating Currency,Originating Amount,Debit Credit Indicator,Beneficiary Bank Raw,Originator Bank Raw,Originator Account Number,Beneficiary Account Number,Originator Name,Beneficiary Name,Subject Type,Transaction Type Source,Transaction Code Description,Sending Bank Account Number,Sending Bank Address,Converted Amount,Fraud Payment
2025-01-17,HKD,200000,C,Hang Seng Bank Ltd.,The Hongkong and Shanghai Banking Corporation Limited,333-333333-101,111-111111-101,CHAN TAI MAN,MR        CHAN TAI MAN,Beneficiary,CWTF,WIRE-TRANSFER CREDIT,,The Hongkong and Shanghai Banking Corporation Limited    HK,200000,1=3
2025-01-17,HKD,4000,C,Hang Seng Bank Ltd.,The Hongkong and Shanghai Banking Corporation Limited,333-333333-101,111-111111-101,CHAN TAI MAN,MR        CHAN TAI MAN,Beneficiary,CWTF,WIRE-TRANSFER CREDIT,,The Hongkong and Shanghai Banking Corporation Limited    HK,4000,2=4
2025-01-19,HKD,22000,C,,,,111-111111-101,,MR        CHAN TAI MAN,Beneficiary,CCCS,ATM/CDM CASH CREDIT USINGACCOUNT INPUT,,,22000,5
2025-01-18,HKD,100000,C,Hang Seng Bank Ltd.,The Hongkong and Shanghai Banking Corporation Limited,333-333333-101,111-111111-101,CHAN TAI MAN,MR        CHAN TAI MAN,Beneficiary,CWTF,WIRE-TRANSFER CREDIT,,The Hongkong and Shanghai Banking Corporation Limited    HK,100000,6
