Transaction Date (value),Originating Currency,Originating Amount,Debit Credit Indicator,Beneficiary Bank Raw,Originator Bank Raw,Originator Account Number,Beneficiary Account Number,Originator Name,Beneficiary Name,Subject Type,Transaction Type Source,Transaction Code Description,Sending Bank Account Number,Sending Bank Address,Converted Amount,Fraud Payment
2024-12-09,HKD,49967,C,,,222-222222-101,111-111111-101,CHEUNG TAK SHING,CHAN TAI MAN,Beneficiary,CUTF,ATM TRANSFER UNRELATED   DEPOSIT,,,49967,1
2024-12-09,HKD,10000,C,,,,111-111111-101,,CHAN TAI MAN,Beneficiary,CCCS,CASH DEP VIA CDM/BCDM -  AC INPUT (TOUCH SCREEN),,,10000,1
2024-12-09,HKD,10000,C,,,,111-111111-101,,CHAN TAI MAN,Beneficiary,CCCS,CASH DEP VIA CDM/BCDM -  AC INPUT (TOUCH SCREEN),,,10000,1
2024-12-09,HKD,20000,C,,,,111-111111-101,,CHAN TAI MAN,Beneficiary,CCCS,CASH DEP VIA CDM/BCDM -  AC INPUT (TOUCH SCREEN),,,20000,1
2024-12-08,HKD,200,C,,,66666666601,111-111111-101,YEUNG KAI,CHAN TAI MAN,Beneficiary,CUTF,ATM TRANSFER UNRELATED   DEPOSIT,,,200,2
2024-12-08,HKD,12200,C,,,66666666601,111-111111-101,YEUNG KAI,CHAN TAI MAN,Beneficiary,CUTF,ATM TRANSFER UNRELATED   DEPOSIT,,,12200,3
2024-12-10,HKD,10000,C,,,66666666601,111-111111-101,YEUNG KAI,CHAN TAI MAN,Beneficiary,CUTF,ATM TRANSFER UNRELATED   DEPOSIT,,,10000,4
