Transaction Date (value),Originating Currency,Originating Amount,Debit Credit Indicator,Beneficiary Bank Raw,Originator Bank Raw,Originator Account Number,Beneficiary Account Number,Originator Name,Beneficiary Name,Subject Type,Transaction Type Source,Transaction Code Description,Sending Bank Account Number,Sending Bank Address,Converted Amount,Fraud Payment
2024-08-24,HKD,50000,C,,,444-4444444-101,111-111111-101,CHEUNG TAK SHING,CHAN TAI MAN,Beneficiary,CUTF,ATM TRANSFER UNRELATED   DEPOSIT,,,50000,2
2024-08-25,HKD,10000,C,Hang Seng Bank Ltd.,The Hongkong and Shanghai Banking Corporation Limited,444-4444444-101,111-111111-101,CHEUNG TAK SHING,CHAN TAI MAN,Beneficiary,CWTF,Default transaction,,The Hongkong and Shanghai Banking Corporation Limited,10000,3
2024-08-24,HKD,31000,C,,,222-222222-101,111-111111-101,CHEUNG TAK SHING,CHAN TAI MAN,Beneficiary,CUTF,ATM TRANSFER UNRELATED   DEPOSIT,,,31000,4
2024-08-25,HKD,50000,C,,,222-222222-101,111-111111-101,CHEUNG TAK SHING,CHAN TAI MAN,Beneficiary,CUTF,DCP UNRELATED ELECTRONIC TRANSFER CREDIT FROM PIB,,,50000,5
2024-08-25,HKD,60000,C,,,222-222222-101,111-111111-101,CHEUNG TAK SHING,CHAN TAI MAN,Beneficiary,CUTF,DCP UNRELATED ELECTRONIC TRANSFER CREDIT FROM PIB,,,60000,6
2024-08-25,HKD,30000,C,,,222-222222-101,111-111111-101,CHEUNG TAK SHING,CHAN TAI MAN,Beneficiary,CUTF,DCP UNRELATED ELECTRONIC TRANSFER CREDIT FROM PIB,,,30000,7
2024-08-25,HKD,39000,C,,,,111-111111-101,,CHAN TAI MAN,Beneficiary,CCCS,CASH DEP VIA CDM/BCDM -  AC INPUT (TOUCH SCREEN),,,39000,8
2024-08-25,HKD,50000,C,,,444-4444444-101,111-111111-102,CHEUNG TAK SHING,CHUNG SIU,Beneficiary,CUTF,UNRELATED ELECTRONIC     TRANSFER CREDIT,,,50000,9
2024-08-25,HKD,50000,C,,,222-222222-101,111-111111-102,CHEUNG TAK SHING,CHUNG SIU,Beneficiary,CUTF,UNRELATED ELECTRONIC     TRANSFER CREDIT,,,50000,10
